project_id,sprint_velocity,scope_changes,team_load,on_time
1,290.83,113.14,282.72,0
2,268.96,273.37,35.53,0
3,384.19,385.71,492.21,1
4,407.73,151.93,118.11,0
5,260.01,206.16,256.01,0
6,391.88,419.67,181.12,1
7,400.1,441.61,185.46,1
8,301.43,12.12,91.82,0
9,210.2,86.32,308.79,0
10,338.93,104.63,201.85,0
11,317.46,173.02,284.74,0
12,421.64,122.13,384.44,1
13,364.84,475.2,382.72,1
14,269.22,126.4,192.23,0
15,482.39,51.3,163.63,0
16,239.69,130.02,307.21,0
17,407.44,309.08,338.36,1
18,433.99,208.73,421.58,1
19,318.62,103.77,360.3,0
20,32.99,136.48,64.43,0
21,36.89,42.23,415.69,0
22,68.74,224.62,294.96,0
23,354.13,221.88,307.15,1
24,31.6,78.15,299.08,0
25,353.1,343.75,323.33,1
26,215.74,269.49,87.07,0
27,190.99,236.26,40.89,0
28,85.42,158.19,102.43,0
29,62.12,224.58,488.66,0
30,71.44,132.34,414.41,0
31,391.13,226.48,32.84,0
32,95.54,30.86,30.36,0
33,357.77,65.64,113.76,0
34,353.92,388.95,158.96,1
35,266.21,321.07,494.68,1
36,480.59,336.07,204.68,1
37,192.93,455.08,17.81,0
38,27.37,441.27,379.17,1
39,252.75,327.12,50.9,0
40,109.24,305.66,198.05,0
41,70.92,364.53,334.91,0
42,496.32,246.31,203.66,1
43,185.63,85.98,472.06,0
44,349.18,273.28,477.12,1
45,113.06,484.99,104.07,0
46,16.65,102.68,150.92,0
47,487.63,98.25,54.2,0
48,364.43,123.96,306.32,1
49,356.5,277.35,278.78,1
50,411.02,245.48,470.85,1
51,166.37,159.72,232.17,0
52,223.79,78.66,108.02,0
53,193.72,45.72,347.13,0
54,438.4,108.18,433.98,1
55,164.83,127.17,349.97,0
56,176.87,69.45,307.89,0
57,377.86,138.25,401.72,1
58,309.96,449.32,49.59,1
59,269.82,484.09,486.62,1
60,79.21,218.36,381.78,0
61,197.68,190.8,373.68,0
62,450.64,18.19,254.11,0
63,57.43,450.53,289.52,1
64,407.92,106.81,458.45,1
65,341.64,194.48,468.09,1
66,65.91,68.29,249.74,0
67,403.62,371.49,156.64,1
68,255.58,30.13,309.96,0
69,210.28,31.46,335.6,0
70,315.18,285.32,32.93,0
71,155.36,449.05,92.98,0
72,47.33,143.95,288.44,0
73,124.34,26.0,82.09,0
74,99.04,424.76,207.93,0
75,213.99,382.88,140.51,0
76,262.34,409.36,472.73,1
77,130.37,354.43,326.43,1
78,396.61,82.99,308.16,0
79,187.97,337.93,375.36,1
80,310.32,182.4,109.22,0
81,349.71,86.69,441.05,1
82,388.78,206.21,290.92,1
83,88.17,52.66,293.3,0
84,161.58,339.23,351.52,1
85,414.75,59.13,94.94,0
86,355.76,359.6,490.35,1
87,263.26,388.86,132.0,0
88,456.85,474.48,169.97,1
89,130.98,482.1,495.75,1
90,229.35,61.8,48.88,0
91,249.42,412.93,244.17,1
92,94.19,295.27,356.95,0
93,112.11,319.29,69.17,0
94,320.24,106.12,482.68,1
95,10.03,49.52,326.41,0
96,204.66,370.7,327.36,1
97,153.82,61.28,103.2,0
98,387.45,141.53,494.92,1
99,227.13,311.34,384.07,1
100,461.06,369.37,359.34,1
101,421.79,358.3,365.18,1
102,104.75,10.51,464.03,0
103,461.59,399.31,342.64,1
104,298.3,191.12,342.23,1
105,67.41,34.75,440.9,0
106,69.34,176.93,116.99,0
107,230.47,66.37,241.07,0
108,243.06,374.94,92.98,0
109,489.95,436.02,473.74,1
110,101.0,165.45,51.46,0
111,82.8,278.35,262.73,0
112,352.28,403.27,108.36,1
113,289.69,387.8,263.36,1
114,77.85,88.03,436.62,0
115,156.83,73.53,468.16,0
116,121.72,63.67,375.97,0
117,258.4,246.34,480.75,1
118,108.95,216.78,127.98,0
119,366.4,454.67,226.73,1
120,253.36,371.82,194.67,1
121,47.42,267.47,136.64,0
122,251.98,223.78,465.38,1
123,299.82,282.04,361.42,1
124,259.11,119.24,354.37,0
125,120.29,231.3,132.49,0
126,469.79,398.17,236.47,1
127,115.99,328.24,115.99,0
128,109.01,45.17,225.65,0
129,218.74,433.81,179.1,1
130,165.41,163.13,361.05,0
131,392.46,207.64,324.69,1
132,63.0,105.83,116.7,0
133,412.29,260.68,66.6,0
134,308.15,195.49,410.11,1
135,411.01,184.98,220.36,1
136,80.24,295.04,453.46,1
137,230.67,386.19,118.43,0
138,450.04,416.02,22.36,1
139,444.0,191.95,264.37,1
140,163.59,385.37,315.13,1
141,395.31,149.55,355.46,1
142,347.65,176.6,54.72,0
143,202.94,20.66,188.45,0
144,374.35,431.14,129.79,1
145,240.89,378.82,312.91,1
146,181.5,236.66,482.14,1
147,192.06,449.74,294.16,1
148,455.44,208.4,452.15,1
149,229.94,211.64,437.25,1
150,119.57,10.74,143.5,0
151,309.6,39.97,34.42,0
152,467.83,393.57,45.96,1
153,309.11,57.82,361.43,0
154,398.76,414.11,201.04,1
155,434.59,326.11,278.86,1
156,442.54,21.32,262.02,0
157,49.97,276.65,58.21,0
158,314.76,278.92,104.94,0
159,397.48,44.96,429.57,1
160,313.75,466.22,499.45,1
161,380.74,195.76,208.15,0
162,339.19,175.33,43.69,0
163,212.28,445.61,87.2,0
164,457.34,81.64,134.06,0
165,201.28,193.43,271.89,0
166,372.81,231.54,490.52,1
167,151.51,415.47,72.14,0
168,214.65,187.53,55.18,0
169,390.75,149.08,340.03,1
170,427.88,363.19,130.6,1
171,114.8,245.61,326.54,0
172,497.34,273.85,265.11,1
173,79.97,432.55,66.12,0
174,396.66,212.71,107.74,0
175,224.26,398.85,248.84,1
176,254.85,163.91,453.14,1
177,321.27,449.9,424.74,1
178,213.66,392.31,106.7,0
179,497.81,42.28,31.62,0
180,181.5,43.71,472.05,0
181,55.99,254.7,428.74,0
182,445.1,222.99,388.54,1
183,164.82,110.17,335.2,0
184,498.99,281.94,246.33,1
185,448.52,320.63,106.25,1
186,150.26,89.95,53.44,0
187,318.29,216.35,436.8,1
188,468.25,140.66,98.14,0
189,13.96,102.29,341.32,0
190,287.84,262.63,338.72,1
191,403.28,331.71,355.91,1
192,53.26,403.39,421.38,1
193,258.57,236.27,198.17,0
194,260.58,307.04,420.07,1
195,457.86,467.03,152.02,1
196,484.91,90.88,141.22,0
197,53.81,43.88,302.99,0
198,19.74,48.52,46.02,0
199,237.35,287.77,356.44,1
200,254.69,156.09,94.35,0
201,107.3,194.73,282.78,0
202,381.45,65.91,411.43,1
203,126.72,26.42,499.0,0
204,391.44,456.2,497.2,1
205,107.7,182.38,102.78,0
206,442.14,316.74,188.59,1
207,71.0,246.46,277.42,0
208,327.0,332.42,363.61,1
209,241.6,285.19,135.0,0
210,93.91,400.4,153.56,0
211,113.45,146.89,82.48,0
212,313.93,181.49,185.82,0
213,318.95,275.49,52.48,0
214,352.54,310.67,378.76,1
215,400.21,460.12,479.77,1
216,446.38,186.43,429.97,1
217,493.18,172.86,402.99,1
218,456.21,441.08,301.22,1
219,471.77,159.09,364.49,1
220,293.82,205.74,281.42,0
221,226.49,461.66,327.4,1
222,489.4,362.44,237.05,1
223,113.54,172.77,485.64,0
224,89.99,283.97,163.54,0
225,326.32,198.81,39.09,0
226,498.86,137.97,115.15,0
227,332.82,492.23,145.18,1
228,432.06,152.69,312.41,1
229,315.34,380.29,267.22,1
230,253.31,178.4,180.34,0
231,37.01,131.17,48.53,0
232,213.78,238.69,422.94,1
233,234.21,231.46,437.8,1
234,17.55,165.18,172.07,0
235,402.17,88.96,207.76,0
236,220.5,458.68,272.27,1
237,386.44,343.35,397.91,1
238,335.2,35.54,469.6,1
239,300.72,326.11,143.62,0
240,155.14,42.64,265.32,0
241,495.19,140.03,323.38,1
242,74.66,12.37,499.3,0
243,315.5,429.13,77.6,1
244,134.09,21.83,292.12,0
245,236.14,229.89,410.68,1
246,189.6,466.82,120.43,0
247,369.69,413.0,203.35,1
248,157.0,345.55,200.31,0
249,473.26,213.01,372.55,1
250,120.47,41.15,66.64,0
251,20.03,218.44,393.4,0
252,42.48,146.54,166.57,0
253,404.41,123.09,153.74,0
254,74.91,44.28,143.53,0
255,27.44,231.5,292.22,0
256,265.46,447.48,18.17,0
257,246.96,26.59,265.57,0
258,430.03,217.6,242.54,1
259,245.34,25.97,282.33,0
260,311.54,298.24,269.09,1
261,274.7,236.31,357.86,1
262,210.95,474.79,391.88,1
263,126.32,364.52,332.47,1
264,191.31,328.8,65.53,0
265,321.66,177.19,134.76,0
266,302.45,61.76,21.87,0
267,90.6,379.06,373.54,1
268,68.63,410.53,202.71,0
269,490.72,195.37,214.06,1
270,419.0,122.22,113.13,0
271,140.18,406.6,325.43,1
272,251.7,241.26,76.28,0
273,10.83,357.7,341.42,0
274,97.33,265.9,334.11,0
275,69.55,217.24,65.35,0
276,37.44,164.66,315.41,0
277,44.33,153.8,364.96,0
278,244.23,183.76,251.5,0
279,118.53,157.85,193.11,0
280,16.57,436.46,317.53,0
281,389.47,114.95,404.1,1
282,233.43,476.33,487.7,1
283,230.45,241.31,261.59,0
284,182.94,155.47,262.16,0
285,411.29,101.32,120.98,0
286,90.87,131.86,400.76,0
287,245.8,416.28,309.26,1
288,472.81,465.51,95.08,1
289,492.88,311.02,298.98,1
290,81.34,288.15,354.24,0
291,11.15,475.41,357.29,1
292,442.52,84.85,405.54,1
293,481.36,62.49,338.9,1
294,303.84,94.58,368.13,0
295,337.71,399.13,23.37,0
296,326.11,299.22,162.79,0
297,289.82,325.03,386.72,1
298,410.06,114.17,320.9,1
299,174.33,329.25,499.73,1
300,483.83,264.62,336.7,1
301,460.09,286.3,266.49,1
302,83.9,396.29,228.95,0
303,281.48,344.73,416.68,1
304,319.64,354.82,185.32,1
305,169.19,81.2,236.82,0
306,320.59,243.3,156.59,0
307,263.44,273.71,136.0,0
308,206.97,108.72,409.61,0
309,388.54,186.02,134.72,0
310,80.06,74.91,366.7,0
311,259.26,295.53,488.79,1
312,138.32,54.51,367.98,0
313,158.54,136.25,357.74,0
314,318.69,264.3,457.12,1
315,147.08,151.31,487.61,0
316,317.2,363.04,344.17,1
317,457.75,469.52,426.61,1
318,360.5,231.35,81.41,0
319,135.6,295.05,307.78,0
320,485.69,24.91,463.71,1
321,121.81,429.22,49.97,0
322,329.49,354.68,138.38,1
323,48.67,438.52,414.63,1
324,243.16,27.89,295.82,0
325,35.71,270.41,368.96,0
326,399.96,116.95,152.41,0
327,294.18,118.78,271.24,0
328,78.26,284.43,106.91,0
329,18.57,40.48,361.47,0
330,113.21,10.52,151.09,0
331,111.98,497.48,248.4,1
332,394.91,169.47,478.16,1
333,169.81,12.39,398.92,0
334,23.2,294.96,277.94,0
335,272.57,67.32,468.57,1
336,68.12,369.47,287.12,0
337,245.53,82.49,310.75,0
338,419.66,339.82,401.86,1
339,148.06,107.97,81.89,0
340,440.68,34.26,21.81,0
341,124.97,499.61,196.36,1
342,343.26,216.43,166.25,0
343,260.8,271.32,370.9,1
344,249.3,461.14,105.87,1
345,151.17,147.85,201.82,0
346,310.63,56.79,12.23,0
347,92.8,128.24,52.91,0
348,215.55,119.32,452.54,0
349,262.27,402.35,278.87,1
350,250.85,375.55,128.86,0
351,28.94,35.09,312.48,0
352,355.42,35.2,378.82,0
353,272.1,395.25,256.33,1
354,47.06,180.93,184.55,0
355,440.31,50.54,254.42,0
356,438.65,113.56,337.32,1
357,86.55,157.78,202.97,0
358,112.33,227.36,263.84,0
359,292.44,492.76,479.28,1
360,335.77,26.84,447.28,1
361,436.24,107.8,228.06,0
362,336.66,238.65,194.41,0
363,396.3,247.68,188.19,1
364,312.02,454.62,464.67,1
365,495.1,463.37,153.47,1
366,444.41,102.16,41.3,0
367,363.31,192.21,23.72,0
368,229.7,299.62,48.22,0
369,39.36,260.84,459.68,0
370,197.12,241.83,498.56,1
371,65.79,345.81,485.75,1
372,355.38,445.47,475.96,1
373,55.54,215.88,238.33,0
374,461.11,111.88,282.5,1
375,153.7,299.62,293.93,0
376,346.32,271.5,320.05,1
377,48.25,385.14,71.51,0
378,248.79,371.57,451.53,1
379,35.58,404.35,194.34,0
380,127.34,299.49,242.35,0
381,239.05,150.15,151.97,0
382,426.99,166.69,168.2,0
383,341.11,392.43,42.47,0
384,190.95,272.09,49.81,0
385,66.63,428.14,322.42,1
386,495.36,267.89,470.48,1
387,395.53,17.55,145.82,0
388,371.23,178.87,251.6,1
389,373.05,381.26,311.06,1
390,267.12,128.36,207.22,0
391,141.3,226.7,397.87,0
392,83.17,307.42,160.89,0
393,378.93,497.75,321.98,1
394,406.74,369.04,24.3,1
395,11.36,346.98,494.84,1
396,74.05,21.45,70.98,0
397,460.76,291.42,385.54,1
398,448.65,78.06,226.58,0
399,249.81,466.17,377.09,1
400,20.71,182.07,262.3,0
401,425.67,46.8,435.14,1
402,206.48,227.98,481.88,1
403,283.46,364.82,114.7,0
404,317.55,328.18,306.35,1
405,208.06,319.56,184.06,0
406,432.4,430.12,336.18,1
407,173.92,390.79,379.63,1
408,341.0,419.56,418.17,1
409,447.9,207.87,351.06,1
410,458.2,354.82,329.78,1
411,35.93,23.4,468.16,0
412,46.62,360.74,415.53,1
413,29.53,351.42,448.56,1
414,32.6,398.75,21.73,0
415,404.29,346.48,106.73,1
416,337.57,319.16,144.78,1
417,473.45,160.89,329.94,1
418,443.78,375.68,115.06,1
419,284.01,86.44,374.75,0
420,69.67,243.58,390.28,0
421,245.03,66.55,438.06,0
422,385.81,239.96,331.3,1
423,66.23,17.24,247.15,0
424,362.28,358.34,229.15,1
425,110.11,388.61,76.21,0
426,446.02,389.84,82.69,1
427,103.45,119.35,415.27,0
428,419.45,56.58,491.86,1
429,62.9,451.2,111.07,0
430,331.02,76.95,481.57,1
431,28.63,84.48,43.57,0
432,334.58,50.93,246.48,0
433,352.83,439.43,125.36,1
434,415.31,200.53,376.67,1
435,371.26,183.49,392.6,1
436,460.66,104.87,41.32,0
437,108.41,353.82,418.69,1
438,442.18,481.72,333.72,1
439,293.27,76.37,57.87,0
440,356.25,448.33,410.4,1
441,208.47,84.75,252.75,0
442,184.42,255.52,485.51,1
443,386.92,412.04,455.54,1
444,356.94,432.47,29.16,1
445,180.32,176.83,219.72,0
446,107.91,251.08,89.06,0
447,377.48,89.52,341.14,1
448,150.68,55.1,386.92,0
449,83.41,126.68,205.4,0
450,465.47,386.68,398.77,1
451,259.17,431.97,116.92,1
452,164.09,462.64,156.96,0
453,15.72,37.14,124.77,0
454,122.02,439.56,474.2,1
455,130.57,279.18,29.04,0
456,163.26,332.89,320.57,1
457,408.34,200.36,391.65,1
458,157.28,221.79,363.57,0
459,277.53,386.55,381.48,1
460,418.51,246.01,289.18,1
461,328.95,396.26,329.37,1
462,86.19,393.64,318.79,1
463,301.02,429.98,281.07,1
464,369.76,230.28,375.94,1
465,224.74,354.84,192.39,0
466,465.62,174.21,383.99,1
467,325.06,272.19,263.12,1
468,322.13,12.05,60.92,0
469,390.29,19.33,194.17,0
470,362.13,13.54,439.49,1
471,353.77,134.68,307.0,1
472,222.99,101.4,136.24,0
473,306.51,107.65,101.99,0
474,318.73,414.29,316.3,1
475,48.12,25.31,56.36,0
476,220.25,340.49,208.9,0
477,364.5,89.68,352.84,1
478,361.42,173.03,240.4,0
479,142.36,417.6,147.37,0
480,357.14,155.85,204.46,0
481,271.16,170.95,474.1,1
482,404.65,308.95,280.25,1
483,442.34,499.1,36.02,1
484,247.4,152.5,83.62,0
485,298.75,22.89,142.07,0
486,444.92,282.75,496.12,1
487,312.11,439.84,382.27,1
488,213.44,132.19,210.96,0
489,379.76,291.43,308.19,1
490,266.27,28.1,123.68,0
491,382.54,84.15,254.09,0
492,461.2,247.77,278.51,1
493,368.99,323.84,214.65,1
494,73.63,59.48,225.39,0
495,346.3,413.92,113.18,1
496,300.86,431.36,276.49,1
497,486.51,12.72,268.33,0
498,361.23,375.18,413.42,1
499,358.47,233.49,119.22,0
500,383.86,306.86,320.61,1
501,413.97,343.51,12.07,0
502,40.94,382.2,453.29,1
503,159.74,125.92,450.91,0
504,420.36,224.45,443.11,1
505,280.1,88.44,453.2,1
506,277.11,466.61,285.91,1
507,329.16,80.8,353.97,0
508,189.62,399.18,403.75,1
509,111.92,328.12,61.61,0
510,275.6,109.48,106.27,0
511,363.93,158.81,172.38,0
512,401.88,493.0,438.24,1
513,16.38,131.02,396.56,0
514,178.13,124.53,123.64,0
515,371.52,34.14,174.39,0
516,25.06,83.83,409.61,0
517,462.51,10.1,51.06,0
518,435.53,316.04,177.57,1
519,434.83,364.94,145.4,1
520,67.54,12.53,184.57,0
521,433.33,478.76,120.25,1
522,468.59,449.96,404.78,1
523,320.18,196.79,335.94,1
524,417.16,194.91,290.6,1
525,279.03,265.28,461.54,1
526,198.2,266.17,45.03,0
527,352.52,455.42,228.39,1
528,109.25,382.6,335.3,1
529,431.5,175.06,225.82,1
530,437.06,278.0,209.58,1
531,413.12,371.52,316.48,1
532,234.65,482.29,462.04,1
533,154.12,294.77,452.82,1
534,479.78,50.78,238.59,0
535,167.4,179.56,416.05,0
536,51.35,47.71,244.05,0
537,306.48,104.21,394.12,1
538,261.85,146.43,453.96,1
539,268.88,408.22,127.38,1
540,435.92,266.07,119.18,1
541,32.91,424.75,138.88,0
542,306.29,242.78,227.24,0
543,352.17,284.08,357.33,1
544,407.9,82.43,16.03,0
545,228.07,132.92,23.2,0
546,228.42,263.41,21.28,0
547,38.75,445.77,278.8,0
548,13.88,114.91,193.46,0
549,393.98,167.93,55.34,0
550,196.52,390.01,458.24,1
551,64.96,444.21,393.2,1
552,11.39,275.6,444.97,0
553,60.29,36.54,409.29,0
554,236.15,16.45,128.26,0
555,125.73,230.11,192.81,0
556,460.03,19.82,79.03,0
557,366.08,495.9,243.15,1
558,13.02,215.99,74.69,0
559,358.36,472.63,236.08,1
560,130.02,151.96,22.83,0
561,144.29,389.45,356.5,1
562,482.97,405.79,341.73,1
563,150.7,444.79,58.74,0
564,117.05,87.45,445.97,0
565,97.7,289.5,58.48,0
566,70.05,329.09,259.17,0
567,463.93,361.58,448.92,1
568,65.91,427.09,321.07,1
569,188.11,342.57,261.55,0
570,248.83,147.58,328.03,0
571,275.43,338.1,215.81,1
572,100.05,410.9,147.62,0
573,25.56,394.41,378.27,1
574,134.09,285.07,396.52,1
575,431.52,460.8,413.25,1
576,124.04,424.96,479.93,1
577,187.57,233.24,174.08,0
578,111.6,418.59,211.06,0
579,60.44,426.66,446.05,1
580,72.27,273.02,300.34,0
581,127.21,310.8,34.51,0
582,236.19,85.1,149.5,0
583,16.69,367.67,217.11,0
584,50.82,260.38,256.71,0
585,20.17,79.36,330.63,0
586,63.52,196.41,335.93,0
587,220.09,292.64,30.0,0
588,28.35,64.41,322.41,0
589,484.52,286.58,325.43,1
590,300.66,303.33,409.89,1
591,464.33,468.92,26.45,1
592,111.44,338.02,289.72,0
593,346.83,251.29,119.98,0
594,466.39,264.63,377.91,1
595,395.27,274.69,484.2,1
596,193.04,340.09,367.73,1
597,411.38,189.37,102.46,0
598,226.36,436.54,53.86,0
599,384.62,167.05,69.28,0
600,61.31,460.64,412.38,1
601,348.22,78.01,306.16,0
602,374.94,63.31,299.27,0
603,390.16,357.0,14.13,0
604,337.49,77.43,37.83,0
605,58.41,41.89,191.55,0
606,379.23,310.67,25.4,0
607,463.49,320.19,119.43,1
608,498.96,93.45,326.35,1
609,469.8,302.08,322.27,1
610,325.74,377.66,340.64,1
611,175.15,33.11,103.5,0
612,403.14,396.88,113.77,1
613,291.44,348.49,209.12,1
614,370.61,213.63,329.86,1
615,13.52,170.3,194.69,0
616,420.49,453.42,125.15,1
617,421.46,391.49,260.52,1
618,110.07,155.68,54.33,0
619,251.29,361.98,109.65,0
620,478.63,100.18,141.44,0
621,89.73,86.19,355.02,0
622,51.93,462.69,408.24,1
623,20.25,425.71,48.47,0
624,434.16,81.54,329.65,1
625,483.95,89.39,315.38,1
626,426.81,145.43,56.84,0
627,468.36,113.24,208.94,0
628,108.1,245.37,132.4,0
629,193.8,167.24,392.96,0
630,166.02,173.29,314.78,0
631,253.93,443.04,441.8,1
632,54.85,342.79,279.07,0
633,247.63,124.43,409.66,0
634,216.24,362.85,76.97,0
635,98.76,163.58,203.09,0
636,24.84,162.11,99.99,0
637,252.96,158.46,80.89,0
638,61.37,199.09,344.64,0
639,430.8,260.83,190.02,1
640,328.8,400.31,10.02,0
641,436.45,311.64,428.75,1
642,350.11,100.59,46.29,0
643,177.85,498.68,50.76,0
644,301.67,467.71,90.87,1
645,400.67,383.98,485.51,1
646,154.86,398.77,468.73,1
647,208.32,132.84,391.05,0
648,125.35,98.84,196.98,0
649,441.78,493.25,168.24,1
650,453.02,427.73,380.11,1
651,404.04,297.81,382.97,1
652,467.14,353.65,482.93,1
653,177.02,441.27,407.2,1
654,280.96,149.31,41.45,0
655,367.4,267.9,366.71,1
656,448.15,151.31,489.31,1
657,67.32,392.67,403.7,1
658,209.4,143.68,378.02,0
659,117.99,200.51,294.94,0
660,430.87,372.56,286.8,1
661,483.12,425.92,136.87,1
662,446.18,49.33,230.91,0
663,300.41,485.24,60.51,1
664,436.28,109.85,293.27,1
665,289.73,248.6,232.04,0
666,346.93,474.05,245.5,1
667,202.31,72.74,62.96,0
668,243.94,401.36,446.48,1
669,100.18,192.54,332.22,0
670,186.55,180.33,68.24,0
671,333.19,265.31,16.61,0
672,341.05,396.52,473.82,1
673,330.73,452.78,188.75,1
674,152.9,316.95,369.66,1
675,30.16,355.42,54.88,0
676,215.77,168.08,473.64,1
677,440.07,388.24,253.86,1
678,43.37,32.0,436.68,0
679,85.3,31.6,52.59,0
680,106.32,484.39,260.74,1
681,412.89,368.67,63.19,1
682,269.03,129.8,466.73,1
683,163.16,330.78,330.4,1
684,90.39,309.57,233.18,0
685,37.56,238.29,391.34,0
686,16.24,451.02,231.18,0
687,494.02,208.07,295.24,1
688,363.26,341.76,495.69,1
689,390.79,136.46,449.75,1
690,370.56,296.68,186.22,1
691,426.46,134.69,214.34,0
692,289.98,156.52,252.2,0
693,166.6,340.97,64.39,0
694,167.53,468.56,209.07,1
695,407.89,469.37,333.6,1
696,259.71,294.81,193.79,0
697,417.1,478.04,63.15,1
698,289.55,130.84,202.15,0
699,376.69,169.45,23.92,0
700,26.18,123.25,290.41,0
701,137.6,212.92,19.09,0
702,147.27,430.06,77.24,0
703,406.11,172.01,285.08,1
704,405.51,408.5,248.81,1
705,366.53,18.82,424.16,1
706,111.13,210.49,218.78,0
707,309.72,94.24,419.77,1
708,184.19,129.71,258.11,0
709,208.07,242.12,146.51,0
710,467.89,349.44,118.69,1
711,188.72,150.93,207.94,0
712,336.43,319.03,164.1,1
713,108.5,298.19,167.97,0
714,385.58,302.36,414.5,1
715,305.12,392.96,155.02,1
716,304.54,147.44,62.2,0
717,245.87,155.83,492.18,1
718,459.41,492.93,433.19,1
719,396.98,16.52,296.37,0
720,117.64,227.15,114.67,0
721,292.5,280.65,449.64,1
722,120.74,31.07,230.08,0
723,35.04,476.16,324.53,1
724,393.78,389.78,265.53,1
725,246.69,27.92,88.63,0
726,182.1,124.19,44.36,0
727,346.24,12.34,498.34,1
728,87.03,317.78,215.33,0
729,126.54,149.85,315.23,0
730,259.99,468.79,82.48,1
731,311.56,310.2,358.55,1
732,323.42,451.25,484.03,1
733,334.59,49.65,297.97,0
734,408.81,136.39,93.16,0
735,265.2,347.73,313.41,1
736,175.19,490.95,112.42,0
737,441.79,81.58,430.87,1
738,53.27,347.86,246.21,0
739,288.33,440.01,36.21,0
740,187.17,83.14,174.76,0
741,486.1,310.48,50.18,1
742,436.68,62.88,470.96,1
743,87.45,375.59,90.89,0
744,112.01,443.96,54.5,0
745,478.02,293.26,132.6,1
746,133.23,303.38,349.26,0
747,282.93,306.3,336.1,1
748,281.21,111.5,19.82,0
749,88.75,174.26,396.52,0
750,331.37,20.3,276.66,0
751,456.94,383.8,66.47,1
752,477.38,158.34,287.22,1
753,69.88,491.61,385.35,1
754,271.91,171.23,208.66,0
755,232.63,99.05,223.46,0
756,62.69,173.16,239.96,0
757,111.19,413.02,274.24,1
758,38.49,288.53,339.65,0
759,140.04,237.94,99.64,0
760,429.05,380.46,30.44,1
761,279.26,373.93,466.05,1
762,473.98,257.08,341.36,1
763,383.63,480.5,136.58,1
764,232.05,314.6,440.6,1
765,56.41,38.79,485.81,0
766,104.17,476.36,54.04,0
767,285.91,154.0,478.36,1
768,289.64,55.54,75.92,0
769,36.63,48.04,343.87,0
770,45.93,402.11,247.87,0
771,435.97,484.33,131.18,1
772,273.66,255.84,307.88,1
773,83.83,418.07,230.7,0
774,278.5,202.93,408.67,1
775,340.46,236.15,461.31,1
776,340.33,225.06,204.11,0
777,145.89,272.98,202.21,0
778,15.04,184.97,155.18,0
779,371.63,363.4,27.16,0
780,189.11,330.74,373.45,1
781,17.22,141.17,306.91,0
782,215.39,76.08,95.59,0
783,361.1,177.59,218.28,0
784,258.57,464.58,199.68,1
785,468.29,145.14,127.85,0
786,126.27,18.83,304.13,0
787,212.03,185.74,345.28,0
788,250.36,108.85,440.27,1
789,364.39,66.88,257.27,0
790,328.65,81.58,417.41,1
791,172.83,150.83,164.22,0
792,139.97,395.85,348.03,1
793,214.03,145.65,305.46,0
794,77.25,455.2,94.58,0
795,323.12,206.77,28.04,0
796,59.76,432.76,108.32,0
797,320.11,180.57,197.18,0
798,128.65,298.06,63.34,0
799,401.42,221.41,278.62,1
800,422.95,350.1,204.76,1
801,214.06,469.18,385.73,1
802,61.93,495.71,13.67,0
803,140.45,356.8,438.7,1
804,36.99,120.55,325.06,0
805,372.18,437.0,126.61,1
806,407.68,29.62,342.82,0
807,492.07,384.6,135.78,1
808,94.51,32.51,356.43,0
809,457.55,94.53,73.86,0
810,62.61,357.26,112.04,0
811,48.47,244.33,425.21,0
812,77.57,487.84,158.67,0
813,149.95,151.65,242.57,0
814,73.67,454.68,465.19,1
815,211.11,144.02,22.25,0
816,410.18,133.81,311.98,1
817,13.06,187.02,217.75,0
818,424.99,499.0,134.44,1
819,469.11,31.85,154.96,0
820,36.02,235.06,129.72,0
821,80.4,434.34,14.4,0
822,322.89,244.43,378.61,1
823,116.18,56.14,179.92,0
824,249.57,75.31,73.73,0
825,227.52,405.96,97.5,0
826,76.14,267.12,71.75,0
827,191.98,108.14,325.16,0
828,251.56,376.56,22.41,0
829,497.95,360.52,177.25,1
830,196.17,488.2,149.59,1
831,382.23,108.15,475.17,1
832,88.96,273.93,391.55,0
833,473.86,293.23,117.18,1
834,62.14,117.57,59.1,0
835,231.76,91.52,387.84,0
836,353.25,487.01,49.38,1
837,212.76,378.15,199.85,0
838,435.92,423.93,498.68,1
839,252.03,69.06,107.86,0
840,330.45,203.71,357.3,1
841,106.35,81.01,313.1,0
842,438.87,361.47,488.35,1
843,479.08,212.87,127.33,1
844,51.74,408.04,52.83,0
845,194.65,469.28,427.08,1
846,197.5,126.09,33.64,0
847,166.87,278.97,361.64,1
848,133.69,330.3,411.71,1
849,434.48,374.2,393.35,1
850,120.23,261.11,63.56,0
851,437.16,307.48,472.74,1
852,64.94,496.44,143.95,0
853,284.54,290.29,17.2,0
854,124.87,353.77,121.96,0
855,38.99,48.43,439.16,0
856,475.53,159.99,390.08,1
857,306.92,441.19,189.89,1
858,255.11,444.56,337.09,1
859,126.08,457.28,94.22,0
860,40.45,92.69,371.29,0
861,471.43,467.56,344.68,1
862,218.48,472.4,130.76,1
863,103.97,144.52,111.64,0
864,219.94,154.37,492.72,1
865,61.95,404.76,102.01,0
866,361.88,386.95,341.79,1
867,329.19,261.75,414.28,1
868,193.52,299.86,254.2,0
869,181.42,76.82,37.52,0
870,69.89,457.3,371.09,1
871,56.59,294.06,354.31,0
872,258.66,85.54,29.66,0
873,40.41,67.86,137.78,0
874,327.94,441.44,288.93,1
875,86.38,109.22,66.13,0
876,19.65,75.22,481.49,0
877,462.48,40.36,235.28,0
878,255.41,202.89,372.48,1
879,34.8,163.93,207.3,0
880,44.41,182.65,151.35,0
881,194.42,256.49,479.31,1
882,149.57,101.53,82.42,0
883,215.04,66.14,229.11,0
884,328.02,436.25,460.98,1
885,31.79,354.77,186.84,0
886,240.7,80.01,363.82,0
887,28.06,469.5,468.15,1
888,64.84,20.46,487.11,0
889,346.6,434.59,66.57,1
890,449.14,312.01,194.72,1
891,253.22,272.42,137.53,0
892,196.68,237.3,112.87,0
893,270.02,90.29,108.51,0
894,284.21,306.03,256.82,1
895,260.79,211.08,201.87,0
896,187.12,448.11,38.13,0
897,360.58,497.36,338.19,1
898,103.96,69.43,461.04,0
899,135.2,363.79,365.23,1
900,190.32,363.15,360.75,1
901,404.14,194.99,346.27,1
902,411.12,425.03,157.85,1
903,353.44,46.38,279.77,0
904,436.98,309.1,192.15,1
905,430.29,287.61,172.2,1
906,28.6,127.24,337.28,0
907,155.46,462.81,33.56,0
908,464.92,399.22,234.92,1
909,298.87,446.81,166.5,1
910,101.57,446.61,451.38,1
911,465.55,477.13,163.7,1
912,460.85,419.94,117.46,1
913,276.94,412.23,13.85,0
914,188.45,170.61,228.47,0
915,211.14,391.33,257.03,1
916,72.62,44.66,305.13,0
917,118.71,163.44,421.02,0
918,464.13,470.01,55.96,1
919,451.26,169.05,331.67,1
920,49.22,46.06,390.56,0
921,331.1,189.64,195.62,0
922,150.2,397.55,190.02,0
923,240.41,391.15,55.12,0
924,494.49,432.65,373.16,1
925,489.49,448.07,75.71,1
926,297.24,118.32,371.2,0
927,26.3,465.97,185.78,0
928,156.86,142.7,347.79,0
929,494.64,60.82,486.27,1
930,55.23,332.71,237.59,0
931,210.98,91.24,167.73,0
932,306.46,136.83,96.82,0
933,211.63,307.06,431.45,1
934,495.61,105.12,488.62,1
935,229.17,333.01,356.06,1
936,367.34,499.16,161.43,1
937,147.47,287.62,385.71,1
938,129.98,490.32,98.21,0
939,317.15,90.65,405.8,1
940,428.38,151.49,490.58,1
941,321.13,491.9,61.18,1
942,131.9,415.7,187.86,0
943,352.65,245.75,74.42,0
944,473.42,392.04,350.15,1
945,49.15,186.86,107.67,0
946,55.09,463.73,275.63,1
947,343.48,415.71,193.95,1
948,421.66,213.11,443.89,1
949,221.66,235.61,136.42,0
950,234.04,34.75,10.38,0
951,86.15,37.37,115.56,0
952,157.77,389.15,32.76,0
953,464.81,153.46,487.29,1
954,18.27,258.3,495.13,0
955,433.59,337.66,405.79,1
956,140.75,435.74,490.5,1
957,468.66,214.28,167.84,1
958,289.16,261.56,55.84,0
959,161.59,163.38,358.52,0
960,388.59,124.25,203.14,0
961,257.0,99.34,403.56,0
962,50.93,428.95,10.62,0
963,458.26,205.38,482.39,1
964,63.29,304.38,394.27,0
965,308.09,230.71,402.4,1
966,49.31,189.66,260.13,0
967,493.25,265.04,220.43,1
968,208.95,418.26,430.79,1
969,49.69,322.12,481.89,1
970,68.84,175.07,495.27,0
971,416.24,49.15,326.11,0
972,328.07,377.34,311.58,1
973,176.76,203.2,146.7,0
974,71.37,283.26,230.28,0
975,45.79,445.87,400.21,1
976,151.07,214.83,325.98,0
977,89.72,204.48,105.29,0
978,108.85,191.3,228.67,0
979,14.46,481.76,483.63,1
980,206.84,24.11,213.09,0
981,127.68,493.75,351.77,1
982,378.48,70.3,165.21,0
983,403.85,465.45,292.32,1
984,94.49,214.35,391.07,0
985,206.86,239.46,81.48,0
986,302.67,292.49,380.01,1
987,130.83,392.43,110.41,0
988,240.42,319.98,383.65,1
989,251.98,434.14,312.91,1
990,240.95,330.46,462.72,1
991,462.64,11.45,284.63,0
992,243.83,371.51,332.63,1
993,122.6,183.87,176.95,0
994,485.38,293.64,64.12,1
995,238.48,356.0,159.23,0
996,377.11,227.96,203.91,1
997,484.41,153.11,111.53,0
998,239.96,350.18,201.64,0
999,194.18,109.63,213.63,0
1000,242.2,491.72,477.19,1
1001,404.35,432.75,412.8,1
1002,61.45,54.12,55.2,0
1003,215.35,303.83,370.6,1
1004,324.76,35.39,172.1,0
1005,81.42,171.16,425.95,0
1006,101.89,203.99,313.74,0
1007,283.88,219.6,28.62,0
1008,30.83,117.16,429.68,0
1009,194.78,249.45,222.04,0
1010,157.58,294.53,187.03,0
1011,282.51,327.76,60.08,0
1012,132.41,45.43,294.25,0
1013,227.23,75.96,454.69,0
1014,225.03,209.56,304.92,0
1015,193.91,370.79,365.3,1
1016,194.54,393.81,366.01,1
1017,157.83,470.31,78.13,0
1018,398.3,185.87,98.74,0
1019,374.04,254.77,304.8,1
1020,123.07,159.57,60.25,0
1021,51.11,420.94,309.38,0
1022,347.74,263.21,156.29,0
1023,65.81,22.23,99.54,0
1024,195.14,473.12,459.74,1
1025,398.21,188.4,315.08,1
1026,119.37,172.53,427.98,0
1027,456.8,127.01,339.55,1
1028,288.24,222.77,319.7,1
1029,79.06,10.4,367.18,0
1030,214.63,351.44,80.48,0
1031,86.34,468.75,248.52,1
1032,310.49,464.61,12.39,0
1033,427.02,362.08,376.47,1
1034,458.23,477.23,115.97,1
1035,279.5,425.56,284.2,1
1036,383.95,488.29,169.14,1
1037,242.93,477.2,112.0,1
1038,173.68,457.31,350.05,1
1039,70.08,30.8,258.02,0
1040,258.9,338.08,30.42,0
1041,187.79,465.0,146.93,1
1042,52.72,185.52,409.55,0
1043,53.4,214.53,76.51,0
1044,234.72,212.51,445.33,1
1045,15.75,224.55,100.45,0
1046,410.46,135.45,128.96,0
1047,95.82,47.69,283.46,0
1048,273.84,52.42,353.5,0
1049,114.13,308.75,101.17,0
1050,379.78,219.76,142.09,0
1051,481.83,106.77,147.61,0
1052,96.32,58.85,111.59,0
1053,272.2,207.53,273.95,0
1054,253.79,379.47,118.43,0
1055,60.0,356.88,309.71,0
1056,253.47,93.35,20.95,0
1057,142.18,55.65,418.9,0
1058,206.56,53.64,461.48,0
1059,242.48,228.97,40.0,0
1060,232.07,310.89,459.39,1
1061,455.85,269.7,392.41,1
1062,281.41,461.98,119.95,1
1063,317.78,439.95,447.87,1
1064,246.37,91.92,117.46,0
1065,381.91,103.17,351.81,1
1066,59.13,89.78,311.4,0
1067,470.03,199.65,266.27,1
1068,211.81,396.01,384.15,1
1069,323.17,455.83,433.87,1
1070,417.21,415.25,372.58,1
1071,102.79,123.24,444.5,0
1072,373.04,429.69,316.85,1
1073,449.02,130.04,240.73,1
1074,418.07,26.68,46.03,0
1075,460.18,56.56,350.78,1
1076,314.73,212.21,461.76,1
1077,431.92,101.79,462.88,1
1078,312.0,154.89,186.98,0
1079,325.77,330.98,98.49,0
1080,181.65,98.89,489.76,0
1081,109.36,365.81,13.27,0
1082,38.15,199.7,376.48,0
1083,471.3,179.68,368.93,1
1084,478.49,258.86,80.71,1
1085,152.19,222.46,71.54,0
1086,471.22,214.32,400.02,1
1087,365.28,384.67,49.85,1
1088,72.7,76.47,405.03,0
1089,37.51,20.24,93.44,0
1090,418.94,54.9,212.38,0
1091,279.01,31.3,227.44,0
1092,396.49,210.96,84.59,0
1093,229.4,296.49,289.69,1
1094,221.69,52.53,451.76,0
1095,387.81,221.58,309.28,1
1096,433.85,165.87,274.82,1
1097,21.49,327.68,59.27,0
1098,356.91,204.17,74.84,0
1099,217.41,61.24,105.25,0
1100,31.69,360.02,380.91,0
1101,32.97,372.22,270.78,0
1102,23.85,429.66,319.68,0
1103,461.55,157.61,216.35,1
1104,380.47,55.72,155.59,0
1105,188.66,379.58,114.9,0
1106,47.11,221.26,423.91,0
1107,155.34,213.85,486.04,1
1108,436.74,180.81,264.85,1
1109,299.81,461.39,162.9,1
1110,239.92,277.14,241.07,0
1111,375.74,375.89,13.36,0
1112,24.12,445.23,245.46,0
1113,197.69,439.33,369.82,1
1114,234.83,473.86,35.15,0
1115,255.86,396.31,176.9,1
1116,202.39,57.92,270.68,0
1117,104.78,81.01,447.7,0
1118,121.65,200.32,114.23,0
1119,318.94,247.1,302.48,1
1120,370.05,334.27,28.6,0
1121,399.95,370.6,377.96,1
1122,79.26,58.24,47.52,0
1123,333.21,35.58,352.6,0
1124,416.13,394.18,435.27,1
1125,339.48,456.32,229.26,1
1126,86.7,152.96,385.44,0
1127,103.83,241.09,369.82,0
1128,339.95,453.15,451.49,1
1129,70.4,227.32,491.51,0
1130,212.69,29.32,180.86,0
1131,179.03,278.45,233.25,0
1132,196.47,439.04,161.87,1
1133,42.27,112.2,332.22,0
1134,485.2,335.26,126.51,1
1135,46.59,406.5,195.2,0
1136,90.25,244.1,325.3,0
1137,400.84,226.61,195.81,1
1138,22.28,127.61,191.75,0
1139,154.74,269.88,182.09,0
1140,33.69,425.73,490.88,1
1141,199.52,27.66,216.22,0
1142,372.91,377.61,42.54,1
1143,380.47,248.91,20.66,0
1144,161.5,104.49,418.96,0
1145,453.27,376.69,282.96,1
1146,495.65,153.53,396.22,1
1147,300.96,236.06,67.24,0
1148,359.51,97.89,139.38,0
1149,353.58,420.96,24.33,1
1150,319.42,308.47,172.35,1
1151,88.53,245.29,100.41,0
1152,159.66,370.6,86.69,0
1153,151.15,161.44,333.4,0
1154,252.82,41.51,430.37,0
1155,331.62,444.98,489.18,1
1156,379.64,52.41,29.76,0
1157,54.56,382.82,95.5,0
1158,53.38,184.86,153.96,0
1159,214.76,37.13,184.18,0
1160,134.2,53.54,396.8,0
1161,60.24,328.42,419.16,1
1162,196.53,172.16,238.97,0
1163,330.39,162.31,283.93,0
1164,370.58,453.3,37.03,1
1165,480.97,313.06,438.5,1
1166,165.59,94.86,258.79,0
1167,147.83,195.07,410.21,0
1168,85.69,384.9,314.37,0
1169,378.49,323.1,278.37,1
1170,33.68,198.21,67.25,0
1171,384.28,191.81,399.57,1
1172,111.48,229.27,341.05,0
1173,302.07,292.9,468.69,1
1174,307.79,99.45,102.02,0
1175,62.14,499.42,373.75,1
1176,377.67,250.14,360.06,1
1177,66.14,331.43,418.31,1
1178,367.18,234.43,21.98,0
1179,258.63,215.78,108.77,0
1180,207.51,11.46,161.02,0
1181,199.65,438.11,355.25,1
1182,474.72,252.13,415.81,1
1183,247.62,243.72,40.0,0
1184,447.17,468.65,178.15,1
1185,400.5,232.59,436.98,1
1186,228.19,276.92,129.41,0
1187,462.45,16.45,175.08,0
1188,414.78,200.15,415.24,1
1189,219.66,96.5,150.56,0
1190,177.37,466.2,68.25,0
1191,32.53,312.78,23.61,0
1192,132.29,307.92,477.05,1
1193,119.93,395.81,116.42,0
1194,74.98,472.03,213.41,0
1195,20.67,186.59,214.8,0
1196,254.77,462.83,74.87,0
1197,201.1,267.09,32.75,0
1198,415.05,350.77,164.74,1
1199,364.7,225.36,62.64,0
1200,476.82,129.73,456.77,1
1201,280.98,290.59,348.09,1
1202,427.68,307.37,394.92,1
1203,217.82,285.95,477.05,1
1204,471.04,161.3,169.82,1
1205,33.21,139.12,486.55,0
1206,54.98,348.96,37.4,0
1207,22.08,202.76,401.14,0
1208,262.22,78.95,208.17,0
1209,265.52,76.53,77.8,0
1210,370.16,218.32,144.68,0
1211,409.09,47.42,69.06,0
1212,108.22,291.09,426.91,1
1213,409.5,41.95,447.56,1
1214,112.51,421.32,485.8,1
1215,242.23,325.61,73.04,0
1216,324.99,412.72,60.78,1
1217,379.07,206.44,303.96,1
1218,32.79,17.5,315.61,0
1219,387.46,62.44,165.34,0
1220,397.54,337.11,410.51,1
1221,28.93,45.44,318.65,0
1222,399.5,63.38,36.07,0
1223,363.75,433.07,428.11,1
1224,385.36,129.13,372.71,1
1225,417.21,323.43,41.98,0
1226,50.39,392.53,119.59,0
1227,15.32,202.86,305.51,0
1228,205.31,215.0,389.12,1
1229,103.6,326.85,125.05,0
1230,279.38,435.28,240.52,1
1231,454.69,362.32,483.66,1
1232,413.42,220.08,124.65,0
1233,334.96,74.74,223.84,0
1234,84.14,224.62,79.41,0
1235,253.9,445.48,272.08,1
1236,154.61,346.55,211.77,0
1237,310.0,126.37,179.77,0
1238,235.2,419.23,393.37,1
1239,107.9,485.47,223.91,1
1240,64.81,476.17,50.43,0
1241,322.03,226.93,380.67,1
1242,495.68,77.83,68.51,0
1243,465.51,406.95,140.32,1
1244,208.82,242.71,380.24,1
1245,378.25,271.59,245.96,1
1246,14.58,336.39,345.49,0
1247,460.52,75.31,464.5,1
1248,73.91,394.85,31.43,0
1249,295.23,114.95,160.26,0
1250,327.76,45.26,229.35,0
1251,29.46,289.84,95.88,0
1252,296.32,183.67,384.4,1
1253,473.78,379.49,315.57,1
1254,349.36,246.47,384.0,1
1255,28.91,378.25,111.94,0
1256,339.86,118.85,347.59,1
1257,77.69,365.08,304.31,0
1258,155.94,441.56,430.42,1
1259,234.61,467.08,380.11,1
1260,372.77,396.41,247.22,1
1261,120.89,420.73,99.8,0
1262,97.37,31.86,434.87,0
1263,134.62,142.72,191.94,0
1264,346.66,384.69,485.16,1
1265,19.61,397.64,404.18,1
1266,386.65,85.81,260.72,0
1267,352.47,144.83,104.64,0
1268,177.83,189.64,219.14,0
1269,480.27,428.94,381.68,1
1270,279.52,284.56,122.48,0
1271,228.68,188.51,96.17,0
1272,181.6,122.25,202.9,0
1273,111.4,130.21,274.59,0
1274,99.17,237.53,333.06,0
1275,309.34,80.22,347.65,0
1276,33.24,181.68,399.24,0
1277,128.48,224.44,200.4,0
1278,386.97,245.83,45.76,0
1279,126.68,315.83,43.91,0
1280,17.93,236.91,389.37,0
1281,429.44,86.26,157.06,0
1282,56.83,325.75,468.74,1
1283,466.52,481.61,401.02,1
1284,306.81,211.36,367.5,1
1285,107.29,234.14,308.94,0
1286,347.66,243.09,284.13,1
1287,312.1,364.86,430.57,1
1288,381.4,451.7,48.57,1
1289,393.08,277.94,208.57,1
1290,144.13,264.16,249.66,0
1291,47.84,220.74,326.3,0
1292,438.65,461.9,468.06,1
1293,117.86,454.73,183.13,0
1294,200.66,228.99,374.67,1
1295,465.18,250.02,476.34,1
1296,215.32,135.01,111.78,0
1297,234.3,222.49,383.51,1
1298,430.74,475.89,161.85,1
1299,372.96,139.84,305.23,1
1300,367.54,495.9,335.91,1
1301,307.7,151.46,200.23,0
1302,161.35,242.3,152.17,0
1303,388.27,209.76,316.2,1
1304,204.37,344.73,276.33,1
1305,156.02,496.79,429.41,1
1306,119.62,457.79,295.24,1
1307,182.16,325.19,259.24,0
1308,324.55,359.88,415.56,1
1309,334.7,318.92,302.08,1
1310,446.07,463.34,19.4,1
1311,368.6,205.63,282.67,1
1312,478.22,442.21,182.29,1
1313,462.97,135.67,477.98,1
1314,317.84,364.62,51.98,0
1315,74.3,274.97,452.96,1
1316,397.29,281.95,305.37,1
1317,109.17,29.94,214.79,0
1318,225.06,493.27,457.98,1
1319,333.22,63.73,481.89,1
1320,26.19,415.77,157.7,0
1321,323.72,196.01,210.78,0
1322,91.44,445.27,137.47,0
1323,51.28,66.9,484.17,0
1324,333.08,466.49,363.59,1
1325,135.51,85.44,245.76,0
1326,472.82,455.47,61.21,1
1327,286.73,40.76,259.77,0
1328,21.64,463.17,105.78,0
1329,303.28,313.6,83.37,0
1330,211.67,332.51,427.1,1
1331,407.04,77.09,393.81,1
1332,11.26,85.45,325.61,0
1333,493.22,468.94,302.27,1
1334,321.88,142.78,147.44,0
1335,264.45,476.0,460.66,1
1336,72.84,459.0,85.85,0
1337,75.09,252.19,134.34,0
1338,102.2,75.39,50.28,0
1339,325.01,319.03,149.17,1
1340,308.6,271.46,458.87,1
1341,396.76,419.79,259.1,1
1342,254.91,396.91,271.57,1
1343,336.27,108.5,456.71,1
1344,362.58,189.77,46.88,0
1345,472.3,159.39,402.87,1
1346,163.03,314.67,109.22,0
1347,282.99,173.1,45.67,0
1348,306.56,169.36,344.92,1
1349,443.73,132.82,281.43,1
1350,365.93,32.43,441.53,1
1351,275.61,462.63,263.61,1
1352,10.01,175.65,452.76,0
1353,112.83,77.66,490.78,0
1354,61.48,237.72,373.7,0
1355,313.77,84.99,425.37,1
1356,118.13,33.52,359.5,0
1357,467.53,415.38,283.43,1
1358,209.41,425.29,458.5,1
1359,243.62,290.78,294.91,1
1360,37.37,51.89,478.95,0
1361,22.06,127.55,76.47,0
1362,97.08,389.28,23.03,0
1363,140.65,126.94,346.29,0
1364,205.5,300.6,164.97,0
1365,312.61,131.37,377.54,1
1366,399.17,187.8,294.32,1
1367,229.58,100.13,242.81,0
1368,71.8,477.38,11.61,0
1369,302.18,41.75,455.12,1
1370,268.07,231.16,483.15,1
1371,29.4,138.38,249.95,0
1372,201.44,486.99,128.7,1
1373,442.29,367.24,249.48,1
1374,124.52,411.96,264.34,1
1375,487.81,93.39,71.35,0
1376,15.87,344.83,228.22,0
1377,489.51,389.18,346.07,1
1378,394.95,468.6,49.78,1
1379,267.7,481.26,467.28,1
1380,83.15,198.9,227.32,0
1381,301.82,245.21,308.57,1
1382,28.29,455.13,41.32,0
1383,90.64,250.01,304.94,0
1384,298.55,30.33,295.2,0
1385,360.41,214.05,343.67,1
1386,341.08,163.78,228.28,0
1387,268.07,341.8,123.53,0
1388,87.12,295.17,111.26,0
1389,191.67,251.01,482.6,1
1390,499.36,259.73,412.49,1
1391,36.75,37.07,172.8,0
1392,316.71,280.49,150.8,0
1393,13.54,188.27,138.05,0
1394,238.95,149.22,184.65,0
1395,161.1,333.59,151.22,0
1396,50.42,382.88,213.66,0
1397,329.51,375.79,450.95,1
1398,319.23,287.95,267.61,1
1399,425.74,51.79,235.95,0
1400,365.01,159.23,423.88,1
1401,420.97,214.14,470.73,1
1402,219.85,153.28,20.34,0
1403,27.13,262.97,458.51,0
1404,213.59,162.92,380.06,0
1405,26.54,26.58,246.38,0
1406,364.47,231.24,12.24,0
1407,434.27,485.05,332.31,1
1408,273.06,331.29,257.88,1
1409,104.73,468.42,309.51,1
1410,19.15,65.25,177.65,0
1411,209.2,379.38,153.59,0
1412,395.14,367.71,140.26,1
1413,409.95,244.1,104.97,0
1414,444.54,444.78,382.97,1
1415,135.44,293.08,412.81,1
1416,297.13,291.43,287.4,1
1417,368.54,209.09,374.98,1
1418,206.19,122.31,209.04,0
1419,365.13,479.39,261.46,1
1420,247.03,488.41,58.4,1
1421,213.48,477.37,320.59,1
1422,303.25,114.57,408.21,1
1423,97.26,55.28,28.5,0
1424,133.38,114.48,304.9,0
1425,247.64,28.87,48.19,0
1426,154.41,496.61,368.81,1
1427,317.71,375.8,238.08,1
1428,267.16,490.59,159.25,1
1429,237.62,274.78,333.02,1
1430,47.33,409.19,212.49,0
1431,68.23,43.87,177.11,0
1432,287.74,109.59,64.13,0
1433,397.38,243.82,278.22,1
1434,327.62,257.08,286.34,1
1435,446.56,204.44,371.99,1
1436,341.37,436.03,105.33,1
1437,127.9,398.82,360.03,1
1438,184.46,216.6,350.38,0
1439,378.09,353.01,279.42,1
1440,328.14,457.2,274.39,1
1441,410.42,195.76,104.06,0
1442,370.53,264.46,306.51,1
1443,109.01,438.51,25.25,0
1444,251.69,471.47,290.49,1
1445,360.47,289.68,117.79,0
1446,251.58,101.05,425.37,0
1447,148.1,194.76,322.15,0
1448,40.6,122.27,151.9,0
1449,142.98,424.79,48.09,0
1450,440.92,238.19,223.2,1
1451,59.15,473.76,64.11,0
1452,193.74,173.09,337.85,0
1453,418.4,416.16,252.14,1
1454,89.32,69.16,211.54,0
1455,263.74,129.49,454.85,1
1456,348.82,332.4,290.83,1
1457,217.25,186.5,287.79,0
1458,291.46,142.23,287.9,0
1459,307.33,455.65,135.06,1
1460,49.32,260.93,495.56,1
1461,383.97,465.88,153.82,1
1462,252.65,453.09,318.89,1
1463,51.65,147.93,80.49,0
1464,71.07,90.12,384.41,0
1465,384.16,91.66,135.95,0
1466,35.74,83.37,175.48,0
1467,460.89,409.63,271.79,1
1468,345.12,80.82,251.5,0
1469,376.43,89.87,315.57,0
1470,295.94,345.28,377.47,1
1471,318.91,340.13,213.95,1
1472,264.94,397.16,66.85,0
1473,172.64,413.12,117.41,0
1474,314.57,198.17,163.85,0
1475,352.99,177.86,99.04,0
1476,442.29,75.58,69.6,0
1477,300.33,389.77,380.94,1
1478,155.47,176.57,387.42,0
1479,171.53,235.15,80.9,0
1480,121.21,27.44,186.33,0
1481,458.64,352.67,329.37,1
1482,229.36,412.32,179.83,1
1483,137.34,153.41,363.64,0
1484,410.75,347.68,47.29,1
1485,306.29,203.64,241.92,0
1486,384.55,325.99,441.17,1
1487,374.41,483.64,400.93,1
1488,268.21,129.14,311.62,0
1489,384.98,417.88,450.42,1
1490,85.49,361.13,323.14,0
1491,145.73,462.04,62.42,0
1492,165.64,484.39,291.35,1
1493,297.87,345.12,153.0,1
1494,174.24,463.06,236.31,1
1495,11.82,413.06,344.11,0
1496,107.82,410.67,439.18,1
1497,109.49,364.88,108.62,0
1498,255.88,271.87,366.31,1
1499,39.12,300.63,398.69,0
1500,161.21,100.13,180.31,0
1501,39.17,133.09,297.98,0
1502,309.6,334.71,211.36,1
1503,84.11,233.02,378.13,0
1504,445.36,110.0,125.25,0
1505,370.15,452.4,485.31,1
1506,450.88,308.63,383.1,1
1507,421.95,64.22,53.99,0
1508,75.46,267.38,294.9,0
1509,239.88,211.27,457.91,1
1510,105.65,133.02,438.23,0
1511,439.82,165.86,167.02,0
1512,325.79,265.37,97.25,0
1513,134.19,152.32,424.2,0
1514,355.26,205.88,371.79,1
1515,29.17,46.89,84.23,0
1516,332.95,458.95,177.09,1
1517,55.44,53.79,266.58,0
1518,421.84,311.26,367.97,1
1519,248.4,467.15,242.43,1
1520,446.19,386.53,13.25,1
1521,36.72,480.96,293.79,1
1522,58.43,202.29,32.7,0
1523,43.68,455.63,301.5,1
1524,56.92,364.87,271.19,0
1525,216.07,438.91,462.3,1
1526,47.96,57.7,373.62,0
1527,192.47,197.57,333.44,0
1528,220.93,353.78,212.56,0
1529,217.67,275.83,284.74,0
1530,150.71,303.97,34.13,0
1531,140.22,266.58,26.89,0
1532,110.02,329.41,157.4,0
1533,304.22,180.05,470.98,1
1534,242.12,71.44,485.46,1
1535,478.41,188.75,494.05,1
1536,73.89,84.3,425.8,0
1537,338.9,325.0,123.59,0
1538,31.66,374.3,421.27,1
1539,319.91,267.75,447.58,1
1540,439.51,170.06,382.81,1
1541,28.09,192.23,38.37,0
1542,120.01,499.96,452.84,1
1543,437.45,18.5,80.17,0
1544,38.05,323.9,211.16,0
1545,387.57,470.05,339.91,1
1546,208.86,66.0,395.19,0
1547,372.87,334.69,274.62,1
1548,156.81,441.07,38.74,0
1549,305.35,202.44,263.41,0
1550,445.51,407.38,87.12,1
1551,138.6,212.28,398.1,0
1552,462.48,128.65,29.01,0
1553,143.01,435.41,449.93,1
1554,241.29,39.89,69.63,0
1555,212.35,100.16,392.56,0
1556,294.27,127.48,189.45,0
1557,389.9,84.65,469.18,1
1558,303.78,89.43,175.93,0
1559,105.52,134.83,392.17,0
1560,18.9,195.05,300.47,0
1561,181.55,293.57,174.9,0
1562,493.74,300.92,318.94,1
1563,107.47,28.31,60.32,0
1564,245.95,93.81,24.79,0
1565,84.01,51.07,449.81,0
1566,345.56,286.93,383.65,1
1567,266.1,447.93,395.56,1
1568,377.49,448.09,326.6,1
1569,10.86,429.09,148.99,0
1570,364.41,380.95,463.88,1
1571,312.81,328.21,310.41,1
1572,322.73,314.23,134.0,0
1573,295.41,205.91,270.8,0
1574,473.16,254.85,183.12,1
1575,135.16,130.81,30.52,0
1576,135.14,464.45,287.34,1
1577,350.19,218.68,224.9,1
1578,92.78,31.93,86.95,0
1579,241.21,206.31,60.96,0
1580,467.89,415.29,352.46,1
1581,105.44,202.68,186.9,0
1582,159.59,16.15,318.96,0
1583,117.28,468.74,318.49,1
1584,309.04,120.92,164.46,0
1585,117.52,340.47,262.71,0
1586,238.15,106.96,17.83,0
1587,70.58,94.07,91.48,0
1588,121.11,58.07,344.77,0
1589,325.72,270.02,29.8,0
1590,273.53,378.24,371.13,1
1591,377.43,146.01,154.23,0
1592,415.64,457.05,122.72,1
1593,307.45,369.03,102.96,0
1594,426.12,444.47,113.05,1
1595,477.59,231.23,464.6,1
1596,424.08,224.0,81.03,0
1597,357.86,41.74,123.44,0
1598,124.31,284.97,343.48,0
1599,445.83,384.72,462.03,1
1600,55.41,76.11,247.04,0
1601,40.1,398.36,116.31,0
1602,95.89,194.54,22.84,0
1603,77.01,123.44,473.62,0
1604,310.8,225.41,338.77,1
1605,262.03,266.1,230.34,0
1606,486.52,409.85,24.02,1
1607,269.25,373.55,306.54,1
1608,236.51,333.32,368.19,1
1609,65.13,250.46,369.26,0
1610,171.09,133.78,461.01,0
1611,53.59,306.98,301.07,0
1612,260.47,439.34,25.11,0
1613,113.74,296.21,384.18,1
1614,308.4,122.91,20.43,0
1615,77.74,421.47,173.04,0
1616,423.82,468.49,46.59,1
1617,43.7,341.81,54.47,0
1618,376.87,119.98,427.72,1
1619,308.72,313.71,301.69,1
1620,448.35,103.47,384.48,1
1621,289.75,466.13,256.76,1
1622,341.63,41.1,162.03,0
1623,173.89,41.57,292.28,0
1624,252.52,393.52,313.9,1
1625,401.93,170.93,214.59,0
1626,357.37,466.98,200.25,1
1627,303.89,199.92,282.18,0
1628,31.47,416.63,102.95,0
1629,315.77,407.3,238.16,1
1630,171.96,449.05,361.59,1
1631,302.24,485.92,306.73,1
1632,411.37,373.9,355.37,1
1633,81.18,396.92,349.22,1
1634,419.3,144.71,341.26,1
1635,245.24,390.21,458.66,1
1636,264.31,273.04,153.76,0
1637,436.65,253.88,92.32,0
1638,106.23,387.47,483.54,1
1639,284.61,47.44,307.61,0
1640,289.37,456.7,378.88,1
1641,347.59,268.52,459.09,1
1642,60.66,269.86,59.25,0
1643,247.33,33.81,38.68,0
1644,498.06,103.8,307.19,1
1645,430.3,474.9,471.91,1
1646,392.95,197.1,43.93,0
1647,86.28,186.33,496.49,0
1648,485.9,243.89,368.67,1
1649,331.32,396.12,103.54,1
1650,154.77,230.12,162.74,0
1651,18.69,271.65,96.55,0
1652,420.78,298.37,171.27,1
1653,364.81,196.81,44.45,0
1654,494.04,370.64,155.61,1
1655,370.98,185.8,364.34,1
1656,420.02,173.13,473.71,1
1657,55.54,323.58,312.15,0
1658,91.36,498.68,201.12,0
1659,140.83,25.96,55.52,0
1660,394.32,288.64,410.45,1
1661,367.73,203.21,354.76,1
1662,16.03,262.68,34.86,0
1663,209.44,106.99,362.93,0
1664,77.97,273.6,52.8,0
1665,458.96,395.72,466.99,1
1666,45.43,215.51,322.29,0
1667,55.46,51.91,78.18,0
1668,103.91,109.07,29.49,0
1669,189.82,180.91,21.82,0
1670,68.29,37.07,369.39,0
1671,86.38,132.03,404.91,0
1672,65.0,467.34,376.1,1
1673,24.73,68.52,51.0,0
1674,474.58,492.45,461.0,1
1675,440.85,162.98,371.64,1
1676,456.87,46.66,39.15,0
1677,423.07,181.4,45.71,0
1678,25.5,146.88,176.48,0
1679,119.77,445.79,341.59,1
1680,130.84,326.6,44.35,0
1681,249.75,129.51,256.74,0
1682,414.78,313.09,441.49,1
1683,273.64,481.86,356.78,1
1684,20.01,342.93,358.5,0
1685,481.93,210.58,338.61,1
1686,422.31,280.0,468.72,1
1687,274.22,207.67,209.31,0
1688,258.66,461.91,348.29,1
1689,245.22,93.12,392.17,0
1690,265.13,232.54,200.67,0
1691,474.18,58.81,323.58,1
1692,171.11,443.98,122.75,0
1693,71.06,125.14,398.12,0
1694,292.34,197.02,275.08,0
1695,63.06,450.82,34.38,0
1696,92.1,412.54,399.43,1
1697,392.8,363.01,410.83,1
1698,137.84,203.7,91.55,0
1699,353.92,193.82,47.06,0
1700,238.21,469.77,419.41,1
1701,30.32,69.3,498.57,0
1702,260.14,347.73,81.65,0
1703,231.45,429.4,440.86,1
1704,305.34,342.8,66.4,0
1705,180.75,484.72,195.61,1
1706,395.84,420.43,295.28,1
1707,265.83,113.88,273.58,0
1708,417.41,290.99,92.22,1
1709,57.25,70.63,171.34,0
1710,402.96,182.15,454.95,1
1711,42.52,431.29,338.6,1
1712,168.44,178.21,222.85,0
1713,96.45,327.11,398.3,1
1714,113.23,337.96,307.98,0
1715,327.36,216.04,168.61,0
1716,289.48,34.88,457.67,0
1717,425.17,467.1,482.91,1
1718,318.6,375.19,434.98,1
1719,168.09,126.74,335.5,0
1720,245.21,231.97,475.84,1
1721,68.54,136.99,211.24,0
1722,19.27,49.11,396.24,0
1723,134.35,137.64,39.76,0
1724,384.73,87.67,182.97,0
1725,498.93,216.02,204.15,1
1726,180.58,51.77,301.87,0
1727,204.85,406.49,410.01,1
1728,236.53,405.16,473.56,1
1729,272.38,120.67,220.13,0
1730,139.9,245.5,204.67,0
1731,341.57,309.38,361.28,1
1732,133.24,20.91,217.67,0
1733,54.65,434.83,89.78,0
1734,283.82,62.09,146.32,0
1735,110.81,455.02,153.24,0
1736,432.13,84.18,233.2,0
1737,489.09,164.69,296.44,1
1738,201.75,243.84,42.89,0
1739,131.26,436.36,271.24,1
1740,217.63,311.99,138.15,0
1741,140.8,178.29,127.43,0
1742,264.48,323.78,163.01,0
1743,226.31,338.44,381.33,1
1744,230.04,147.37,487.22,1
1745,230.29,170.15,364.07,0
1746,63.07,196.0,402.03,0
1747,33.46,189.51,72.59,0
1748,218.32,149.14,491.45,1
1749,453.91,473.11,212.93,1
1750,481.86,128.74,256.91,1
1751,294.8,96.89,179.93,0
1752,325.75,227.73,201.36,0
1753,158.31,439.86,432.59,1
1754,343.47,332.23,346.57,1
1755,323.66,428.9,347.9,1
1756,414.14,311.1,390.17,1
1757,260.4,363.39,55.19,0
1758,190.06,235.57,158.03,0
1759,359.27,227.52,141.63,0
1760,478.04,105.61,275.58,1
1761,194.35,311.98,451.96,1
1762,197.26,110.64,260.6,0
1763,421.11,189.72,309.1,1
1764,490.99,433.12,161.39,1
1765,389.92,153.73,327.74,1
1766,229.18,353.04,458.67,1
1767,185.96,433.23,211.78,1
1768,405.36,98.95,226.38,0
1769,247.49,499.51,155.15,1
1770,284.16,283.32,164.55,0
1771,282.25,292.31,482.22,1
1772,37.58,299.79,123.93,0
1773,407.43,492.42,210.78,1
1774,326.94,277.59,350.15,1
1775,162.11,139.48,166.22,0
1776,12.26,239.33,237.5,0
1777,359.35,353.12,466.78,1
1778,358.14,61.99,435.47,1
1779,462.73,98.79,256.37,1
1780,330.66,185.82,125.74,0
1781,118.95,165.22,308.48,0
1782,52.71,426.54,356.73,1
1783,419.45,155.15,280.44,1
1784,385.09,380.5,59.34,1
1785,213.73,107.41,457.87,0
1786,406.69,246.05,96.78,0
1787,443.68,418.22,436.06,1
1788,215.08,333.56,280.75,1
1789,41.38,213.51,434.6,0
1790,341.78,246.95,45.16,0
1791,140.68,323.64,102.39,0
1792,307.42,479.45,398.92,1
1793,454.89,417.76,333.7,1
1794,22.21,280.05,188.57,0
1795,274.17,228.76,118.38,0
1796,446.28,169.23,398.56,1
1797,246.94,326.48,67.9,0
1798,167.01,358.29,205.14,0
1799,235.71,478.28,474.27,1
1800,491.17,451.86,155.37,1
1801,169.8,343.45,104.67,0
1802,13.41,247.67,368.02,0
1803,484.32,74.06,484.5,1
1804,455.94,392.97,455.4,1
1805,22.94,306.79,466.58,1
1806,275.16,231.03,158.63,0
1807,235.05,410.27,280.38,1
1808,324.32,59.6,401.54,0
1809,396.1,330.5,33.52,0
1810,151.04,77.48,190.7,0
1811,358.59,329.02,125.03,1
1812,265.94,77.81,70.3,0
1813,330.24,303.04,279.45,1
1814,12.18,177.01,436.74,0
1815,166.51,307.18,223.63,0
1816,357.82,113.33,19.91,0
1817,296.59,260.73,136.79,0
1818,428.08,184.36,338.44,1
1819,44.1,432.44,277.08,0
1820,339.4,269.42,237.11,1
1821,269.6,164.59,126.74,0
1822,458.85,373.94,272.7,1
1823,273.47,434.23,301.16,1
1824,26.58,284.16,338.55,0
1825,372.79,422.12,169.4,1
1826,324.38,286.98,493.28,1
1827,309.48,342.4,308.69,1
1828,314.58,37.83,287.48,0
1829,164.72,67.23,287.17,0
1830,105.01,371.12,471.51,1
1831,269.97,55.99,303.91,0
1832,82.74,77.79,165.86,0
1833,220.42,275.29,64.1,0
1834,446.07,430.95,360.62,1
1835,193.37,194.31,55.08,0
1836,28.11,28.01,65.38,0
1837,319.14,197.18,357.03,1
1838,142.59,267.41,26.28,0
1839,434.26,385.15,19.5,1
1840,65.44,410.42,373.24,1
1841,346.83,246.72,344.3,1
1842,73.42,281.48,387.45,0
1843,112.01,189.75,173.76,0
1844,71.96,397.14,359.34,1
1845,61.79,50.57,58.27,0
1846,50.79,243.49,372.45,0
1847,298.44,86.94,233.6,0
1848,26.19,57.79,247.17,0
1849,174.77,467.39,360.13,1
1850,241.73,26.22,361.28,0
1851,433.26,163.91,244.1,1
1852,472.69,284.87,24.68,0
1853,435.3,180.68,401.48,1
1854,113.97,445.39,126.69,0
1855,12.74,471.03,474.71,1
1856,441.9,396.53,162.4,1
1857,215.42,94.68,27.64,0
1858,498.01,442.53,243.39,1
1859,87.54,54.73,316.2,0
1860,221.78,136.32,339.03,0
1861,272.95,93.44,248.21,0
1862,236.32,49.11,171.94,0
1863,143.96,252.8,492.23,1
1864,471.79,442.23,299.83,1
1865,214.01,415.92,155.75,0
1866,375.98,288.59,433.62,1
1867,370.76,203.49,296.49,1
1868,372.4,419.45,321.53,1
1869,491.62,161.94,196.95,1
1870,15.87,245.52,176.58,0
1871,45.26,231.58,399.17,0
1872,112.55,72.93,161.72,0
1873,364.26,294.78,224.66,1
1874,473.42,435.98,452.62,1
1875,224.67,82.72,400.81,0
1876,21.92,464.97,221.93,0
1877,389.87,228.68,398.21,1
1878,12.24,279.82,434.82,0
1879,279.37,195.62,77.03,0
1880,99.07,361.99,166.41,0
1881,34.93,11.47,373.43,0
1882,161.69,453.5,119.47,0
1883,191.57,200.89,37.11,0
1884,428.01,198.5,341.13,1
1885,263.1,241.53,78.66,0
1886,253.75,246.1,357.98,1
1887,52.33,128.16,458.1,0
1888,40.65,369.34,56.98,0
1889,417.21,68.56,453.98,1
1890,158.93,132.69,474.55,0
1891,158.35,414.88,240.65,1
1892,153.66,74.47,288.08,0
1893,334.08,109.99,78.26,0
1894,310.33,164.54,383.87,1
1895,336.51,386.41,194.8,1
1896,235.1,147.15,102.45,0
1897,389.93,268.61,349.35,1
1898,33.4,61.9,16.02,0
1899,235.52,455.63,282.9,1
1900,476.84,385.36,258.31,1
1901,182.9,419.63,420.24,1
1902,261.96,244.2,306.69,1
1903,143.34,430.58,378.66,1
1904,15.74,190.61,344.73,0
1905,334.08,358.72,371.29,1
1906,96.37,378.39,132.73,0
1907,197.35,202.01,425.85,1
1908,184.29,182.77,39.73,0
1909,222.47,328.67,226.04,0
1910,411.09,178.52,160.69,0
1911,17.04,496.21,40.97,0
1912,73.45,51.05,318.84,0
1913,354.49,106.09,123.84,0
1914,35.25,183.21,301.14,0
1915,422.78,125.8,98.61,0
1916,95.42,231.74,173.46,0
1917,342.47,208.61,198.6,0
1918,284.27,200.01,48.01,0
1919,443.74,180.28,486.85,1
1920,10.95,391.49,99.99,0
1921,381.59,424.67,341.54,1
1922,59.54,34.51,229.92,0
1923,386.8,185.73,419.11,1
1924,443.4,254.04,434.68,1
1925,443.22,230.65,112.25,0
1926,79.41,139.36,156.16,0
1927,313.84,209.5,364.77,1
1928,419.98,114.24,391.76,1
1929,375.55,211.4,101.25,0
1930,465.31,358.98,160.34,1
1931,345.55,75.41,365.49,0
1932,193.61,483.98,453.87,1
1933,46.17,358.39,406.11,1
1934,92.37,37.25,406.07,0
1935,246.68,237.97,230.01,0
1936,363.3,222.6,90.73,0
1937,155.24,436.38,273.07,1
1938,160.34,45.21,376.0,0
1939,65.1,130.93,321.73,0
1940,164.45,434.56,327.72,1
1941,204.27,49.9,434.62,0
1942,104.39,448.09,272.97,1
1943,384.27,490.39,335.09,1
1944,314.62,116.05,403.75,1
1945,428.31,386.97,286.6,1
1946,76.8,283.84,383.46,0
1947,287.62,433.38,31.89,0
1948,22.07,440.06,402.51,1
1949,323.4,64.6,269.95,0
1950,213.7,489.33,294.71,1
1951,141.85,233.32,421.67,1
1952,412.66,449.11,316.41,1
1953,180.65,406.0,75.95,0
1954,425.22,109.57,474.23,1
1955,343.87,192.21,146.81,0
1956,162.98,194.78,284.02,0
1957,172.69,284.93,88.11,0
1958,127.23,180.1,333.8,0
1959,255.14,177.15,165.26,0
1960,246.05,135.25,403.95,0
1961,117.76,498.41,444.94,1
1962,305.32,367.81,228.06,1
1963,296.2,283.42,126.79,0
1964,158.3,407.14,10.84,0
1965,368.49,253.7,19.7,0
1966,298.49,248.63,185.87,0
1967,76.0,181.0,116.09,0
1968,41.42,277.78,460.8,0
1969,457.74,220.95,84.94,0
1970,75.82,384.84,120.72,0
1971,281.39,338.97,251.21,1
1972,367.33,115.69,158.88,0
1973,179.12,408.9,124.83,0
1974,303.73,10.4,315.47,0
1975,230.31,320.35,336.1,1
1976,174.11,335.47,55.48,0
1977,420.42,230.21,119.66,0
1978,92.58,297.47,402.75,0
1979,47.19,95.45,29.36,0
1980,449.85,342.34,308.38,1
1981,473.56,120.32,271.44,1
1982,418.17,53.53,287.83,0
1983,426.84,61.09,296.72,0
1984,134.52,402.58,90.15,0
1985,321.72,168.79,313.58,1
1986,48.38,121.85,131.59,0
1987,471.83,153.15,203.81,1
1988,95.57,401.96,24.8,0
1989,71.98,287.59,65.78,0
1990,85.15,32.78,446.49,0
1991,240.96,356.61,225.12,1
1992,438.33,57.73,139.35,0
1993,339.26,120.81,71.37,0
1994,141.83,214.36,27.92,0
1995,122.53,120.8,446.86,0
1996,122.62,311.37,52.2,0
1997,276.79,48.65,226.69,0
1998,319.52,495.05,374.33,1
1999,46.07,176.38,92.88,0
2000,183.14,312.63,111.87,0
